05373,Dog Chow,Sin Colorantes para perro adulto,Alimento,10,241
13328,Unik Premium,Para perro adulto de raza pequeña,Alimento,15,112
42761,Cat Chow,Defense Plus Esterilizados para gato,Alimento,20,271
15682,Iglu Casita,Impermeable Para Perros O Gatos 40x30,Comodidad,5,1409
23505,Cama Colgante,Para Ventana Para Gatos,Comodidad,5,1478
71015,Cama Moises,Tamanio: 60 x 51 x 23 cm,Comodidad,12,213
16670,Correa Flexi,Plastico, con botón de frenado: Sí,Comodidad,7,2167
12184,Soga,2 Nudos, perros Cachorros,Juguete,10,280
23215,Pelota,7 Cm Perros, limpia dientes,Juguete,7,198
62076,Salchicha C/ Soga,Material: Vinilo, ideal perros chicos,Juguete,15,96
24112,Peluche,Con Soga 17cm, de cuero,Juguete,9,209
67887,Hueso,De Cuero Corb 3/4,Juguete,15,189
45716,Venda,Post Operatoria, elástica,Farmacia,20,100
46306,Bandeja Sanitaria,Plastico, síntetico verde,Juguete,5,2055
41057,Piedritas,Sanitarias , ecologicas,Limpieza,5,106

